{
  "Model A (Full 5-Block: DAE+CNN+BiLSTM+Residual+Attn)": {
    "forecast_output_loss": [
      0.16461007297039032,
      0.008454360999166965,
      0.006658597383648157,
      0.005349630955606699,
      0.004482455085963011,
      0.003933021333068609,
      0.003924210090190172,
      0.003589080646634102,
      0.0031725892331451178,
      0.0031934429425746202,
      0.002988067688420415,
      0.0030968983191996813,
      0.002954844618216157,
      0.002789922058582306,
      0.002706237370148301,
      0.002638809150084853,
      0.0026127209421247244,
      0.0024980870075523853,
      0.0025312567595392466,
      0.0024827145971357822
    ],
    "forecast_output_mae": [
      0.1796957105398178,
      0.06644800305366516,
      0.05881520360708237,
      0.051900237798690796,
      0.047295212745666504,
      0.04413686692714691,
      0.04313591122627258,
      0.04160485044121742,
      0.038795504719018936,
      0.03838451951742172,
      0.03742026165127754,
      0.037317171692848206,
      0.03631303086876869,
      0.03493219614028931,
      0.03432174026966095,
      0.03370242565870285,
      0.033652421087026596,
      0.03281499817967415,
      0.03301098942756653,
      0.03297124430537224
    ],
    "loss": [
      0.2317674309015274,
      0.06367909163236618,
      0.05064373090863228,
      0.04054172337055206,
      0.0328507199883461,
      0.02695300802588463,
      0.022705473005771637,
      0.018993157893419266,
      0.015854034572839737,
      0.013689693994820118,
      0.011763238348066807,
      0.010410506278276443,
      0.009136762470006943,
      0.007968061603605747,
      0.007112220395356417,
      0.006419256329536438,
      0.005893707741051912,
      0.005351974628865719,
      0.005003953818231821,
      0.0046567185781896114
    ],
    "reconstruction_output_loss": [
      0.14030511677265167,
      0.09800269454717636,
      0.07294292747974396,
      0.06063482537865639,
      0.05361039936542511,
      0.04927438497543335,
      0.046417709439992905,
      0.04432486370205879,
      0.042672108858823776,
      0.04128618538379669,
      0.040131449699401855,
      0.039060186594724655,
      0.03807784244418144,
      0.03704250603914261,
      0.03602507337927818,
      0.034892600029706955,
      0.03351825103163719,
      0.03195648267865181,
      0.030137620866298676,
      0.02821234054863453
    ],
    "val_forecast_output_loss": [
      0.011064711026847363,
      0.011332967318594456,
      0.008821848779916763,
      0.005356190260499716,
      0.004787876736372709,
      0.0029846003744751215,
      0.0029174620285630226,
      0.0030663039069622755,
      0.0042855567298829556,
      0.0035875847097486258,
      0.0045214151032269,
      0.006290070246905088,
      0.0027167031075805426,
      0.004086468834429979,
      0.002426982158794999,
      0.003164988476783037,
      0.0026960917748510838,
      0.0018699514912441373,
      0.0017238514265045524,
      0.0015974593115970492
    ],
    "val_forecast_output_mae": [
      0.07124049216508865,
      0.06414207071065903,
      0.058256443589925766,
      0.04417598247528076,
      0.042592041194438934,
      0.03531879186630249,
      0.03283359110355377,
      0.03486381098628044,
      0.039280641824007034,
      0.03673949092626572,
      0.03955627977848053,
      0.05951302498579025,
      0.03137293830513954,
      0.04022124782204628,
      0.03129105642437935,
      0.03254370018839836,
      0.04058053717017174,
      0.03355032205581665,
      0.025494050234556198,
      0.02755572646856308
    ],
    "val_loss": [
      0.07229108363389969,
      0.060288768261671066,
      0.04795887693762779,
      0.03686298057436943,
      0.030328024178743362,
      0.023810453712940216,
      0.019976099953055382,
      0.01711060293018818,
      0.015894688665866852,
      0.013230142183601856,
      0.012623484246432781,
      0.013245787471532822,
      0.008436417207121849,
      0.008949877694249153,
      0.006591557990759611,
      0.006764145102351904,
      0.005849373061209917,
      0.0046036033891141415,
      0.004128900356590748,
      0.003734652418643236
    ],
    "val_reconstruction_output_loss": [
      0.10853483527898788,
      0.07865960150957108,
      0.06460058689117432,
      0.05718528851866722,
      0.05268647149205208,
      0.04968049004673958,
      0.04744577035307884,
      0.045616235584020615,
      0.044070519506931305,
      0.042797647416591644,
      0.04168717935681343,
      0.04058098793029785,
      0.039529938250780106,
      0.03847362473607063,
      0.037433333694934845,
      0.03611267730593681,
      0.03460049629211426,
      0.03297784924507141,
      0.031149256974458694,
      0.02945874072611332
    ]
  },
  "Model B (No DAE - BiLSTM+Residual+Attn)": {
    "loss": [
      0.25419390201568604,
      0.06336871534585953,
      0.052636563777923584,
      0.04321463778614998,
      0.03525004908442497,
      0.028931211680173874,
      0.023938005790114403,
      0.019916970282793045,
      0.016525844112038612,
      0.013790370896458626,
      0.011791548691689968,
      0.00972297415137291,
      0.00864981859922409,
      0.0074343145824968815,
      0.0065225642174482346,
      0.00566084636375308,
      0.005085316486656666,
      0.004668357782065868,
      0.004219346214085817,
      0.003769029164686799
    ],
    "mae": [
      0.1964457631111145,
      0.06556529551744461,
      0.06005897745490074,
      0.055133409798145294,
      0.050549138337373734,
      0.04668013006448746,
      0.044689979404211044,
      0.04285711795091629,
      0.04058375209569931,
      0.03913639858365059,
      0.03882855921983719,
      0.036296747624874115,
      0.03737346827983856,
      0.03643364459276199,
      0.036075372248888016,
      0.03504288196563721,
      0.03466150164604187,
      0.03487347066402435,
      0.034392017871141434,
      0.03357338905334473
    ],
    "val_loss": [
      0.07178604602813721,
      0.058568891137838364,
      0.047713588923215866,
      0.03936275467276573,
      0.032726820558309555,
      0.026065776124596596,
      0.020801767706871033,
      0.01700415648519993,
      0.014053375460207462,
      0.012541334144771099,
      0.01015547476708889,
      0.007922573015093803,
      0.006986960303038359,
      0.006529626436531544,
      0.005235751625150442,
      0.005050834733992815,
      0.0039911530911922455,
      0.003636227687820792,
      0.0030192648991942406,
      0.0038023944944143295
    ],
    "val_mae": [
      0.07335211336612701,
      0.05473732203245163,
      0.04695453867316246,
      0.04549179598689079,
      0.04434218257665634,
      0.036476992070674896,
      0.03198857232928276,
      0.029319999739527702,
      0.02863822691142559,
      0.03312939777970314,
      0.028926927596330643,
      0.024368423968553543,
      0.02655940316617489,
      0.033509593456983566,
      0.02738169953227043,
      0.034715864807367325,
      0.025870652869343758,
      0.026144081726670265,
      0.02249188721179962,
      0.03210177272558212
    ]
  },
  "Model C (No Attention - DAE+CNN+BiLSTM+Residual)": {
    "forecast_output_loss": [
      0.23658905923366547,
      0.010210025124251842,
      0.008837935514748096,
      0.007776217069476843,
      0.00711188605055213,
      0.006299382075667381,
      0.0055361841805279255,
      0.004983143415302038,
      0.005002579186111689,
      0.004483729135245085,
      0.004219490103423595,
      0.003915331792086363,
      0.003919451031833887,
      0.00360014196485281,
      0.003508444642648101,
      0.0031830931548029184,
      0.0029829798731952906,
      0.002871196949854493,
      0.00280367792584002,
      0.00256730685941875
    ],