Scenario,MSE (ug/m^3)^2,MAE (ug/m^3),R2 Score
Model A (Full Model - 5 Blocks),1726.8400928186036,27.182522535174275,0.8008019184006485
Model B (No Autoencoder - 4 Blocks),1167.791544367885,21.425866019496887,0.8652904595431683
Model C (No Attention - 4 Blocks),1214.9594601647607,22.570905023479504,0.8598494471536301
Model D (Base CNN+LSTM - 3 Blocks),2501.355584827707,32.084336968362145,0.711458382297449
