Scenario,Condition,MSE (ug/m^3)^2,MAE (ug/m^3),R2 Score
Model A (Full 5-Block: DAE+CNN+BiLSTM+Residual+Attn),Noisy (Gaussian),719.7893676757812,19.006803512573242,0.916969358921051
Model B (No DAE - BiLSTM+Residual+Attn),Noisy (Gaussian),1133.564208984375,22.109210968017578,0.8692387342453003
Model C (No Attention - DAE+CNN+BiLSTM+Residual),Noisy (Gaussian),812.8807983398438,17.202939987182617,0.9062308669090271
Model D (Base CNN+BiLSTM+Residual),Noisy (Gaussian),1190.3450927734375,26.684619903564453,0.8626887798309326
